{
	"credit": "Made with Blockbench",
	"textures": {
		"0": "block/whitebeam_log",
		"particle": "block/whitebeam_log"
	},
	"elements": [
		{
			"name": "half cube",
			"from": [-8, 0, -8],
			"to": [8, 16, 8],
			"rotation": {"angle": 0, "axis": "y", "origin": [8, 8, 8]},
			"faces": {
				"north": {"uv": [0, 0, 16, 16], "texture": "#0"},
				"east": {"uv": [0, 0, 16, 16], "texture": "#0"},
				"south": {"uv": [0, 0, 16, 16], "texture": "#0"},
				"west": {"uv": [0, 0, 16, 16], "texture": "#0"},
				"up": {"uv": [0, 0, 16, 16], "texture": "#0"},
				"down": {"uv": [0, 0, 16, 16], "texture": "#0"}
			}
		}
	],
	"display": {
		"firstperson_righthand": {
			"translation": [8.75, 0, 0],
			"scale": [0.51, 0.6, 0.29]
		},
		"gui": {
			"rotation": [11, -26, 0],
			"translation": [1.75, -1, 0],
			"scale": [0.35, 0.7, 0.35]
		}
	}
}