{
    "variants": {
        "type=bottom": [
			{ "model": "block/acacia_slab" },
			{ "model": "block/acacia_slab_2" },
			{ "model": "block/acacia_slab_3" },
			{ "model": "block/acacia_slab_4" }
		],
        "type=top": [
			{ "model": "block/acacia_slab_top" },
			{ "model": "block/acacia_slab_top_2" },
			{ "model": "block/acacia_slab_top_3" },
			{ "model": "block/acacia_slab_top_4" }
		],
        "type=double": [
            { "model": "block/double_slab_planks_acacia" },
            { "model": "block/double_slab_planks_acacia_1" },
            { "model": "block/double_slab_planks_acacia_2" },
            { "model": "block/double_slab_planks_acacia_3" },
            { "model": "block/double_slab_planks_acacia_4" },
            { "model": "block/double_slab_planks_acacia_5" }
        ]
    }
}
