{
  "variants": {
	"age=1,leaves=none,stage=0": [
    { "model": "block/bamboo1_age0"},
	  { "model": "block/bamboo1_age0_2"},
	  { "model": "block/bamboo1_age0_3"}
	  ],
	 "age=0,leaves=none,stage=0": [
      { "model": "block/bamboo1_age1" },
	  { "model": "block/bamboo1_age1_2"}
	  ],
	 "age=0,leaves=small,stage=0": [
      { "model": "block/bamboo_small_leaves" },
	  { "model": "block/bamboo_small_leaves_2" }
	  ],
	 "age=1,leaves=large,stage=0": [
      { "model": "block/bamboo_large_leaves" }
	  ]
 }
}
