{
  "variants": {
    "": [
      { "model": "block/birch_sapling" },
	{ "model": "block/birch_sapling", "y": 90 },
	{ "model": "block/birch_sapling", "y": 180 },
	{ "model": "block/birch_sapling", "y": 270 },
      { "model": "block/birch_sapling_2" },
	{ "model": "block/birch_sapling_2", "y": 90 },
	{ "model": "block/birch_sapling_2", "y": 180 },
	{ "model": "block/birch_sapling_2", "y": 270 },
      { "model": "block/birch_sapling_2" },
	{ "model": "block/birch_sapling_3", "y": 90 },
	{ "model": "block/birch_sapling_3", "y": 180 },
	{ "model": "block/birch_sapling_3", "y": 270 }
    ]
  }
}
