{
    "variants": {
        "distance=1,persistent=false": { "model": "block/birch_leaves_pillar_thick" },
		"distance=2,persistent=false": { "model": "itemblock/barrel_onions_full_item" },
		"distance=3,persistent=false": { "model": "itemblock/barrel_onions_half_item" },
		"distance=4,persistent=false": { "model": "itemblock/barrel_potatoes_full_item" },
		"distance=5,persistent=false": { "model": "itemblock/barrel_potatoes_half_item" },
		"distance=6,persistent=false": { "model": "itemblock/barrel_tomatoes_full_item" },
		"distance=6,persistent=true": {"model": "block/birch_leaves_pillar_thick_bottom" },
		"distance=7,persistent=true": { "model": "itemblock/barrel_tomatoes_half_item" },
		"distance=2,persistent=true": { "model": "itemblock/barrel_water_full_item" },
		"distance=3,persistent=true": { "model": "itemblock/barrel_water_half_item" },
		"distance=4,persistent=true": { "model": "itemblock/barrel_wheat_full_item" },
		"distance=5,persistent=true": { "model": "itemblock/barrel_wheat_half_item" }
    }
}
