{
  "variants": {
    "": [
      { "model": "block/brain_coral" },
	  { "model": "block/brain_coral", "y": 90 },
	  { "model": "block/brain_coral", "y": 180 },
	  { "model": "block/brain_coral", "y": 270 },
	  { "model": "block/brain_coral_1" },
	  { "model": "block/brain_coral_1", "y": 90 },
	  { "model": "block/brain_coral_1", "y": 180 },
	  { "model": "block/brain_coral_1", "y": 270 },
	  { "model": "block/brain_coral_2" },
	  { "model": "block/brain_coral_2", "y": 90 },
	  { "model": "block/brain_coral_2", "y": 180 },
	  { "model": "block/brain_coral_2", "y": 270 },
	  { "model": "block/brain_coral_3" },
	  { "model": "block/brain_coral_3", "y": 90 },
	  { "model": "block/brain_coral_3", "y": 180 },
	  { "model": "block/brain_coral_3", "y": 270 }

    ]
  }
}
