{
  "variants": {
    "berries=false,age=0": [
	{  "model": "mcme:block/beech_leaves_slab_upper"},
	{  "model": "mcme:block/beech_leaves_slab_upper", "y": 90},
	{  "model": "mcme:block/beech_leaves_slab_upper", "y": 180},
	{  "model": "mcme:block/beech_leaves_slab_upper", "y": 270}
	],
	"berries=false,age=1": [
	{  "model": "mcme:block/maple_leaves_slab_upper"},
	{  "model": "mcme:block/maple_leaves_slab_upper", "y": 90},
	{  "model": "mcme:block/maple_leaves_slab_upper", "y": 180},
	{  "model": "mcme:block/maple_leaves_slab_upper", "y": 270}
	],
    "berries=true": {
      "model": "minecraft:block/cave_vines_lit"
    }
  }
}