{
  "variants": {
    "age\u003d0,facing\u003dsouth": {
      "model": "block/cocoa_stage0"
    },
    "age\u003d0,facing\u003dwest": {
      "model": "block/cocoa_stage0",
      "y": 90
    },
    "age\u003d0,facing\u003dnorth": {
      "model": "block/cocoa_stage0",
      "y": 180
    },
    "age\u003d0,facing\u003deast": {
      "model": "block/cocoa_stage0",
      "y": 270
    },
    "age\u003d1,facing\u003dnorth": {
      "model": "block/cocoa_stage1"
    },
    "age\u003d1,facing\u003deast": {
      "model": "block/cocoa_stage1",
      "y": 90
    },
    "age\u003d1,facing\u003dsouth": {
      "model": "block/cocoa_stage1",
      "y": 180
    },
    "age\u003d1,facing\u003dwest": {
      "model": "block/cocoa_stage1",
      "y": 270
    },
    "age\u003d2,facing\u003dnorth": {
      "model": "block/cocoa_stage2"
    },
    "age\u003d2,facing\u003deast": {
      "model": "block/cocoa_stage2",
      "y": 90
    },
    "age\u003d2,facing\u003dsouth": {
      "model": "block/cocoa_stage2",
      "y": 180
    },
    "age\u003d2,facing\u003dwest": {
      "model": "block/cocoa_stage2",
      "y": 270
    }
  }
}
