{
    "variants": {
        "type=bottom": [
			{ "model": "block/crimson_slab" },
			{ "model": "block/crimson_slab_2" },
			{ "model": "block/crimson_slab_3" },
			{ "model": "block/crimson_slab_4" }
		],
        "type=top": [
			{ "model": "block/crimson_slab_top" },
			{ "model": "block/crimson_slab_top_2" },
			{ "model": "block/crimson_slab_top_3" },
			{ "model": "block/crimson_slab_top_4" }
		],
        "type=double": [
			{ "model": "minecraft:block/crimson_planks_double_slab" },
			{ "model": "minecraft:block/crimson_planks_double_slab_2" },
			{ "model": "minecraft:block/crimson_planks_double_slab_3" },
			{ "model": "minecraft:block/crimson_planks_double_slab_4" }
		]
    }
}
