{
    "variants": {
        "type=bottom": [
			{ "model": "block/dark_oak_slab" },
			{ "model": "block/dark_oak_slab_2" },
			{ "model": "block/dark_oak_slab_3" },
			{ "model": "block/dark_oak_slab_4" }
		],
        "type=top": [
			{ "model": "block/dark_oak_slab_top" },
			{ "model": "block/dark_oak_slab_top_2" },
			{ "model": "block/dark_oak_slab_top_3" },
			{ "model": "block/dark_oak_slab_top_4" }
		],
        "type=double": [
            { "model": "block/double_slab_planks_dark_oak" },
            { "model": "block/double_slab_planks_dark_oak_1" }
        ]
    }
}
