{
    "variants": {
        "": [
		{ "model": "block/dead_bush", "weight":2 },
		{ "model": "block/dead_bush", "weight":2, "y": 90 },
		{ "model": "block/dead_bush", "weight":2, "y": 180 },
		{ "model": "block/dead_bush_1", "weight":5 },
		{ "model": "block/dead_bush_1", "weight":5, "y": 90 },
		{ "model": "block/dead_bush_1", "weight":5, "y": 180 },
		{ "model": "block/dead_bush_2", "weight":5 },
		{ "model": "block/dead_bush_2", "weight":5, "y": 90 },
		{ "model": "block/dead_bush_2", "weight":5, "y": 180 },
		{ "model": "block/dead_bush_3", "weight":2 },
		{ "model": "block/dead_bush_3", "weight":2, "y": 90 },
		{ "model": "block/dead_bush_3", "weight":2, "y": 180 },
		{ "model": "block/dead_bush_4", "weight":1 },
		{ "model": "block/dead_bush_4", "weight":1, "y": 90 },
		{ "model": "block/dead_bush_4", "weight":1, "y": 180 },
		{ "model": "block/dead_bush_5", "weight":1 },
		{ "model": "block/dead_bush_5", "weight":1, "y": 90 },
		{ "model": "block/dead_bush_5", "weight":1, "y": 180 }
		]
    }
}
