{
    "variants": {
        "age=0": { "model": "block/melon_stem_stage0" },
        "age=1": { "model": "block/melon_stem_stage0", "y": 90  },
        "age=2": { "model": "block/melon_stem_stage0", "y": 180  },
        "age=3": { "model": "block/melon_stem_stage0", "y": 270  },
        "age=4": { "model": "block/melon_stem_stage4" },
        "age=5": { "model": "block/melon_stem_stage5" },
        "age=6": { "model": "block/melon_stem_stage6" },
        "age=7": { "model": "block/melon_stem_stage7" }
    }
}
