{
    "variants": {
        "distance=1,persistent=false": [
			{ "model": "block/grass_block_dirt" },
			{ "model": "block/grass_block_dirt", "y": 90 },
			{ "model": "block/grass_block_dirt", "y": 180 },
			{ "model": "block/grass_block_dirt", "y": 270 },
			{ "model": "block/grass_block_dirt_2" },
			{ "model": "block/grass_block_dirt_2", "y": 90 },
			{ "model": "block/grass_block_dirt_2", "y": 180 },
			{ "model": "block/grass_block_dirt_2", "y": 270 },
			{ "model": "block/grass_block_dirt_3" },
			{ "model": "block/grass_block_dirt_3", "y": 90 },
			{ "model": "block/grass_block_dirt_3", "y": 180 },
			{ "model": "block/grass_block_dirt_3", "y": 270 }
			],
        "distance=2,persistent=false": [
            { "model": "block/grass_block_bubble_coral" },
            { "model": "block/grass_block_bubble_coral", "y": 90 },
            { "model": "block/grass_block_bubble_coral", "y": 180 },
            { "model": "block/grass_block_bubble_coral", "y": 270 },
			{ "model": "block/grass_block_bubble_coral_2" },
            { "model": "block/grass_block_bubble_coral_2", "y": 90 },
            { "model": "block/grass_block_bubble_coral_2", "y": 180 },
            { "model": "block/grass_block_bubble_coral_2", "y": 270 },
			{ "model": "block/grass_block_bubble_coral_3" },
            { "model": "block/grass_block_bubble_coral_3", "y": 90 },
            { "model": "block/grass_block_bubble_coral_3", "y": 180 },
            { "model": "block/grass_block_bubble_coral_3", "y": 270 }
			],
        "distance=3,persistent=false": [
            { "model": "block/grass_block_gray_terracotta" },
            { "model": "block/grass_block_gray_terracotta", "y": 90 },
            { "model": "block/grass_block_gray_terracotta", "y": 180 },
            { "model": "block/grass_block_gray_terracotta", "y": 270 },
			{ "model": "block/grass_block_gray_terracotta_2" },
            { "model": "block/grass_block_gray_terracotta_2", "y": 90 },
            { "model": "block/grass_block_gray_terracotta_2", "y": 180 },
            { "model": "block/grass_block_gray_terracotta_2", "y": 270 },
			{ "model": "block/grass_block_gray_terracotta_3" },
            { "model": "block/grass_block_gray_terracotta_3", "y": 90 },
            { "model": "block/grass_block_gray_terracotta_3", "y": 180 },
            { "model": "block/grass_block_gray_terracotta_3", "y": 270 }
			],
		"distance=4,persistent=false": [
			{ "model": "block/grass_block_stones" },
            { "model": "block/grass_block_stones", "y": 90 },
            { "model": "block/grass_block_stones", "y": 180 },
            { "model": "block/grass_block_stones", "y": 270 },
			{ "model": "block/grass_block_stones_2" },
            { "model": "block/grass_block_stones_2", "y": 90 },
            { "model": "block/grass_block_stones_2", "y": 180 },
            { "model": "block/grass_block_stones_2", "y": 270 },
			{ "model": "block/grass_block_stones_3" },
            { "model": "block/grass_block_stones_3", "y": 90 },
            { "model": "block/grass_block_stones_3", "y": 180 },
            { "model": "block/grass_block_stones_3", "y": 270 },
			{ "model": "block/grass_block_stones_4" },
            { "model": "block/grass_block_stones_4", "y": 90 },
            { "model": "block/grass_block_stones_4", "y": 180 },
            { "model": "block/grass_block_stones_4", "y": 270 }
			],
		"distance=5,persistent=false": [
			{ "model": "block/grass_block_white_concrete" },
            { "model": "block/grass_block_white_concrete", "y": 90 },
            { "model": "block/grass_block_white_concrete", "y": 180 },
            { "model": "block/grass_block_white_concrete", "y": 270 },
			{ "model": "block/grass_block_white_concrete_2" },
            { "model": "block/grass_block_white_concrete_2", "y": 90 },
            { "model": "block/grass_block_white_concrete_2", "y": 180 },
            { "model": "block/grass_block_white_concrete_2", "y": 270 },
			{ "model": "block/grass_block_white_concrete_3" },
            { "model": "block/grass_block_white_concrete_3", "y": 90 },
            { "model": "block/grass_block_white_concrete_3", "y": 180 },
            { "model": "block/grass_block_white_concrete_3", "y": 270 }
			],
		"distance=6,persistent=false": [
			{ "model": "block/grass_block_red_concrete" },
            { "model": "block/grass_block_red_concrete", "y": 90 },
            { "model": "block/grass_block_red_concrete", "y": 180 },
            { "model": "block/grass_block_red_concrete", "y": 270 },
			{ "model": "block/grass_block_red_concrete_2" },
            { "model": "block/grass_block_red_concrete_2", "y": 90 },
            { "model": "block/grass_block_red_concrete_2", "y": 180 },
            { "model": "block/grass_block_red_concrete_2", "y": 270 },
			{ "model": "block/grass_block_red_concrete_3" },
            { "model": "block/grass_block_red_concrete_3", "y": 90 },
            { "model": "block/grass_block_red_concrete_3", "y": 180 },
            { "model": "block/grass_block_red_concrete_3", "y": 270 }
			],
		"distance=7,persistent=false": [
			{ "model": "mcme:block/oak_leaves" },
			{ "model": "mcme:block/oak_leaves", "y": 90 },
			{ "model": "mcme:block/oak_leaves", "y": 180 },
			{ "model": "mcme:block/oak_leaves", "y": 270 },
			{ "model": "mcme:block/oak_leaves", "x": 90 }
			],
		"distance=1,persistent=true": [
			{ "model": "block/grass_block_green_concrete" },
            { "model": "block/grass_block_green_concrete", "y": 90 },
            { "model": "block/grass_block_green_concrete", "y": 180 },
            { "model": "block/grass_block_green_concrete", "y": 270 },
			{ "model": "block/grass_block_green_concrete_2" },
            { "model": "block/grass_block_green_concrete_2", "y": 90 },
            { "model": "block/grass_block_green_concrete_2", "y": 180 },
            { "model": "block/grass_block_green_concrete_2", "y": 270 },
			{ "model": "block/grass_block_green_concrete_3" },
            { "model": "block/grass_block_green_concrete_3", "y": 90 },
            { "model": "block/grass_block_green_concrete_3", "y": 180 },
            { "model": "block/grass_block_green_concrete_3", "y": 270 }
			],
		"distance=2,persistent=true": [
			{ "model": "block/grass_block_stone" },
            { "model": "block/grass_block_stone", "y": 90 },
            { "model": "block/grass_block_stone", "y": 180 },
            { "model": "block/grass_block_stone", "y": 270 },
			{ "model": "block/grass_block_stone_2" },
            { "model": "block/grass_block_stone_2", "y": 90 },
            { "model": "block/grass_block_stone_2", "y": 180 },
            { "model": "block/grass_block_stone_2", "y": 270 },
			{ "model": "block/grass_block_stone_3" },
            { "model": "block/grass_block_stone_3", "y": 90 },
            { "model": "block/grass_block_stone_3", "y": 180 },
            { "model": "block/grass_block_stone_3", "y": 270 }
			],
		"distance=3,persistent=true": [
			{ "model": "block/grass_block_polished_andesite" },
            { "model": "block/grass_block_polished_andesite", "y": 90 },
            { "model": "block/grass_block_polished_andesite", "y": 180 },
            { "model": "block/grass_block_polished_andesite", "y": 270 },
			{ "model": "block/grass_block_polished_andesite_2" },
            { "model": "block/grass_block_polished_andesite_2", "y": 90 },
            { "model": "block/grass_block_polished_andesite_2", "y": 180 },
            { "model": "block/grass_block_polished_andesite_2", "y": 270 },
			{ "model": "block/grass_block_polished_andesite_3" },
            { "model": "block/grass_block_polished_andesite_3", "y": 90 },
            { "model": "block/grass_block_polished_andesite_3", "y": 180 },
            { "model": "block/grass_block_polished_andesite_3", "y": 270 }
			],
		"distance=4,persistent=true": [
			{ "model": "block/grass_block_orange_concrete" },
            { "model": "block/grass_block_orange_concrete", "y": 90 },
            { "model": "block/grass_block_orange_concrete", "y": 180 },
            { "model": "block/grass_block_orange_concrete", "y": 270 },
			{ "model": "block/grass_block_orange_concrete_2" },
            { "model": "block/grass_block_orange_concrete_2", "y": 90 },
            { "model": "block/grass_block_orange_concrete_2", "y": 180 },
            { "model": "block/grass_block_orange_concrete_2", "y": 270 },
			{ "model": "block/grass_block_orange_concrete_3" },
            { "model": "block/grass_block_orange_concrete_3", "y": 90 },
            { "model": "block/grass_block_orange_concrete_3", "y": 180 },
            { "model": "block/grass_block_orange_concrete_3", "y": 270 }
			],
		"distance=5,persistent=true": [
			{ "model": "block/grass_block_patches" },
            { "model": "block/grass_block_patches", "y": 90 },
            { "model": "block/grass_block_patches", "y": 180 },
            { "model": "block/grass_block_patches", "y": 270 },
			{ "model": "block/grass_block_patches_2" },
            { "model": "block/grass_block_patches_2", "y": 90 },
            { "model": "block/grass_block_patches_2", "y": 180 },
            { "model": "block/grass_block_patches_2", "y": 270 },
			{ "model": "block/grass_block_patches_3" },
            { "model": "block/grass_block_patches_3", "y": 90 },
            { "model": "block/grass_block_patches_3", "y": 180 },
            { "model": "block/grass_block_patches_3", "y": 270 },
			{ "model": "block/grass_block_patches_4" },
            { "model": "block/grass_block_patches_4", "y": 90 },
            { "model": "block/grass_block_patches_4", "y": 180 },
            { "model": "block/grass_block_patches_4", "y": 270 },
			{ "model": "block/grass_block_patches_5" },
            { "model": "block/grass_block_patches_5", "y": 90 },
            { "model": "block/grass_block_patches_5", "y": 180 },
            { "model": "block/grass_block_patches_5", "y": 270 },
			{ "model": "block/grass_block_patches_6" },
            { "model": "block/grass_block_patches_6", "y": 90 },
            { "model": "block/grass_block_patches_6", "y": 180 },
            { "model": "block/grass_block_patches_6", "y": 270 }
			],
		"distance=6,persistent=true": [
			{ "model": "block/grass_block_stones_only" },
			{ "model": "block/grass_block_stones_only", "y": 90 },
			{ "model": "block/grass_block_stones_only", "y": 180 },
			{ "model": "block/grass_block_stones_only", "y": 270 },
			{ "model": "block/grass_block_stones_only_1" },
			{ "model": "block/grass_block_stones_only_1", "y": 90 },
			{ "model": "block/grass_block_stones_only_1", "y": 180 },
			{ "model": "block/grass_block_stones_only_1", "y": 270 },
			{ "model": "block/grass_block_stones_only_2" },
			{ "model": "block/grass_block_stones_only_2", "y": 90 },
			{ "model": "block/grass_block_stones_only_2", "y": 180 },
			{ "model": "block/grass_block_stones_only_2", "y": 270 },
			{ "model": "block/grass_block_stones_only_3" },
			{ "model": "block/grass_block_stones_only_3", "y": 90 },
			{ "model": "block/grass_block_stones_only_3", "y": 180 },
			{ "model": "block/grass_block_stones_only_3", "y": 270 }
			]
    }
}
