{
    "variants": {
        "type=double": [
			{ "model": "block/polished_diorite_slab_double" },
			{ "model": "block/polished_diorite_slab_double", "y": 90 },
			{ "model": "block/polished_diorite_slab_double", "y": 180 },
			{ "model": "block/polished_diorite_slab_double", "y": 270 },
			{ "model": "block/polished_diorite_slab_double_2" },
			{ "model": "block/polished_diorite_slab_double_2", "y": 90 },
			{ "model": "block/polished_diorite_slab_double_2", "y": 180 },
			{ "model": "block/polished_diorite_slab_double_2", "y": 270 },
			{ "model": "block/polished_diorite_slab_double_3" },
			{ "model": "block/polished_diorite_slab_double_3", "y": 90 },
			{ "model": "block/polished_diorite_slab_double_3", "y": 180 },
			{ "model": "block/polished_diorite_slab_double_3", "y": 270 },
			{ "model": "block/polished_diorite_slab_double_4" },
			{ "model": "block/polished_diorite_slab_double_4", "y": 90 },
			{ "model": "block/polished_diorite_slab_double_4", "y": 180 },
			{ "model": "block/polished_diorite_slab_double_4", "y": 270 },
			{ "model": "block/polished_diorite_slab_double_5" },
			{ "model": "block/polished_diorite_slab_double_5", "y": 90 },
			{ "model": "block/polished_diorite_slab_double_5", "y": 180 },
			{ "model": "block/polished_diorite_slab_double_5", "y": 270 }
			],
        "type=top": [
			{ "model": "block/polished_diorite_slab", "x": 180 },
			{ "model": "block/polished_diorite_slab_2", "x": 180 },
			{ "model": "block/polished_diorite_slab_3", "x": 180 },
			{ "model": "block/polished_diorite_slab_4", "x": 180 },
			{ "model": "block/polished_diorite_slab_5", "x": 180 }
			],
        "type=bottom": [
			{ "model": "block/polished_diorite_slab" },
			{ "model": "block/polished_diorite_slab_2" },
			{ "model": "block/polished_diorite_slab_3" },
			{ "model": "block/polished_diorite_slab_4" },
			{ "model": "block/polished_diorite_slab_5" }
			]
    }
}
