{
  "variants": {
    "": [
      {
        "model": "block/red_nether_bricks" , "weight" : 15
      },
      {
        "model": "block/red_nether_brick_1" , "weight" : 2
      },
      {
        "model": "block/red_nether_brick_2" , "weight" : 2
      },
      {
        "model": "block/red_nether_brick_3" , "weight" : 15
      },
      {
        "model": "block/red_nether_brick_4" , "weight" : 4
      },
      {
        "model": "block/red_nether_brick_5" , "weight" : 4
      },
      {
        "model": "block/red_nether_brick_6" , "weight" : 2
      }
    ]
  }
}
