{
  "variants": {
    "": [
      { "model": "block/red_tulip" },
	  { "model": "block/red_tulip", "y": 90 },
	  { "model": "block/red_tulip", "y": 180 },
	  { "model": "block/red_tulip", "y": 270 },
	   { "model": "block/red_tulip_1" },
	  { "model": "block/red_tulip_1", "y": 90 },
	  { "model": "block/red_tulip_1", "y": 180 },
	  { "model": "block/red_tulip_1", "y": 270 },
	    { "model": "block/red_tulip_2" },
	  { "model": "block/red_tulip_2", "y": 90 },
	  { "model": "block/red_tulip_2", "y": 180 },
	  { "model": "block/red_tulip_2", "y": 270 },
		{ "model": "block/red_tulip_3" },
	  { "model": "block/red_tulip_3", "y": 90 },
	  { "model": "block/red_tulip_3", "y": 180 },
	  { "model": "block/red_tulip_3", "y": 270 }

    ]
  }
}
