{
	"multipart": [
	{ "when":{
			"waterlogged": false, "facing": "east", "half": "lower" },
		"apply": [
      { "model": "block/small_dripleaf_be" },
	  { "model": "block/small_dripleaf_be", "y": 90 },
	  { "model": "block/small_dripleaf_be", "y": 180 },
	  { "model": "block/small_dripleaf_be", "y": 270 },
	   { "model": "block/small_dripleaf_be_1" },
	  { "model": "block/small_dripleaf_be_1", "y": 90 },
	  { "model": "block/small_dripleaf_be_1", "y": 180 },
	  { "model": "block/small_dripleaf_be_1", "y": 270 },
	    { "model": "block/small_dripleaf_be_2" },
	  { "model": "block/small_dripleaf_be_2", "y": 90 },
	  { "model": "block/small_dripleaf_be_2", "y": 180 },
	  { "model": "block/small_dripleaf_be_2", "y": 270 }
] },
    { "when":{
			"waterlogged": "false",
			"facing": "south",
			"half": "lower"
		},
		"apply": [
			      { "model": "block/small_dripleaf_bs" },
	  { "model": "block/small_dripleaf_bs", "y": 90 },
	  { "model": "block/small_dripleaf_bs", "y": 180 },
	  { "model": "block/small_dripleaf_bs", "y": 270 },
	  { "model": "block/small_dripleaf_bs_1" },
	  { "model": "block/small_dripleaf_bs_1", "y": 90 },
	  { "model": "block/small_dripleaf_bs_1", "y": 180 },
	  { "model": "block/small_dripleaf_bs_1", "y": 270 },
	  { "model": "block/small_dripleaf_bs_2" },
	  { "model": "block/small_dripleaf_bs_2", "y": 90 },
	  { "model": "block/small_dripleaf_bs_2", "y": 180 },
	  { "model": "block/small_dripleaf_bs_2", "y": 270 }
		] },
		 { "when":{
			"waterlogged": "false",
			"facing": "west",
			"half": "lower"
		},
		"apply": [
	  { "model": "block/small_dripleaf_bw" },
	  { "model": "block/small_dripleaf_bw", "y": 90 },
	  { "model": "block/small_dripleaf_bw", "y": 180 },
	  { "model": "block/small_dripleaf_bw", "y": 270 },
	   { "model": "block/small_dripleaf_bw_1" },
	  { "model": "block/small_dripleaf_bw_1", "y": 90 },
	  { "model": "block/small_dripleaf_bw_1", "y": 180 },
	  { "model": "block/small_dripleaf_bw_1", "y": 270 },
	     { "model": "block/small_dripleaf_bw_2" },
	  { "model": "block/small_dripleaf_bw_2", "y": 90 },
	  { "model": "block/small_dripleaf_bw_2", "y": 180 },
	  { "model": "block/small_dripleaf_bw_2", "y": 270 }
		 ] },
		 	 { "when":{
			"waterlogged": "false",
			"facing": "north",
			"half": "lower"
		},
		"apply": [
	  { "model": "block/small_dripleaf_bn" },
	  { "model": "block/small_dripleaf_bn", "y": 90 },
	  { "model": "block/small_dripleaf_bn", "y": 180 },
	  { "model": "block/small_dripleaf_bn", "y": 270 },
	  { "model": "block/small_dripleaf_bn_1" },
	  { "model": "block/small_dripleaf_bn_1", "y": 90 },
	  { "model": "block/small_dripleaf_bn_1", "y": 180 },
	  { "model": "block/small_dripleaf_bn_1", "y": 270 },
	  { "model": "block/small_dripleaf_bn_2" },
	  { "model": "block/small_dripleaf_bn_2", "y": 90 },
	  { "model": "block/small_dripleaf_bn_2", "y": 180 },
	  { "model": "block/small_dripleaf_bn_2", "y": 270 }
		 ] },
	  	 	 { "when":{
			"waterlogged": "false",
			"facing": "west",
			"half": "upper"
		},
		"apply": [
	  { "model": "block/small_dripleaf_tw" },
	  { "model": "block/small_dripleaf_tw", "y": 90 },
	  { "model": "block/small_dripleaf_tw", "y": 180 },
	  { "model": "block/small_dripleaf_tw", "y": 270 }, 
	   { "model": "block/small_dripleaf_tw_1" },
	  { "model": "block/small_dripleaf_tw_1", "y": 90 },
	  { "model": "block/small_dripleaf_tw_1", "y": 180 },
	  { "model": "block/small_dripleaf_tw_1", "y": 270 }, 
	   { "model": "block/small_dripleaf_tw_2" },
	  { "model": "block/small_dripleaf_tw_2", "y": 90 },
	  { "model": "block/small_dripleaf_tw_2", "y": 180 },
	  { "model": "block/small_dripleaf_tw_2", "y": 270 } 
		 ] },
				{ "when":{
			"waterlogged": "false",
			"facing": "north",
			"half": "upper"
		},
		"apply": [
	  { "model": "block/small_dripleaf_tn" },
	  { "model": "block/small_dripleaf_tn", "y": 90 },
	  { "model": "block/small_dripleaf_tn", "y": 180 },
	  { "model": "block/small_dripleaf_tn", "y": 270 }, 
	   { "model": "block/small_dripleaf_tn_1" },
	  { "model": "block/small_dripleaf_tn_1", "y": 90 },
	  { "model": "block/small_dripleaf_tn_1", "y": 180 },
	  { "model": "block/small_dripleaf_tn_1", "y": 270 }, 
	   { "model": "block/small_dripleaf_tn_2" },
	  { "model": "block/small_dripleaf_tn_2", "y": 90 },
	  { "model": "block/small_dripleaf_tn_2", "y": 180 },
	  { "model": "block/small_dripleaf_tn_2", "y": 270 } 
		 ] },
		  	 	 { "when":{
			"waterlogged": "false",
			"facing": "south",
			"half": "upper"
		},
		"apply": [
	  { "model": "block/small_dripleaf_ts" },
	  { "model": "block/small_dripleaf_ts", "y": 90 },
	  { "model": "block/small_dripleaf_ts", "y": 180 },
	  { "model": "block/small_dripleaf_ts", "y": 270 },
	    { "model": "block/small_dripleaf_ts_1" },
	  { "model": "block/small_dripleaf_ts_1", "y": 90 },
	  { "model": "block/small_dripleaf_ts_1", "y": 180 },
	  { "model": "block/small_dripleaf_ts_1", "y": 270 }, 
	    { "model": "block/small_dripleaf_ts_2" },
	  { "model": "block/small_dripleaf_ts_2", "y": 90 },
	  { "model": "block/small_dripleaf_ts_2", "y": 180 },
	  { "model": "block/small_dripleaf_ts_2", "y": 270 } 
		 ] }
]
}
