{
  "variants": {
      "axis=y": [
  { "model": "block/stripped_spruce_log" },
  { "model": "block/stripped_spruce_log_2" },
  { "model": "block/stripped_spruce_log_3" },
  { "model": "block/stripped_spruce_log_4" },
  { "model": "block/stripped_spruce_log_5" },
  { "model": "block/stripped_spruce_log_6" },
  { "model": "block/stripped_spruce_log_7" },
  { "model": "block/stripped_spruce_log_8" }
  ],
      "axis=z": [
  { "model": "block/stripped_spruce_log" },
  { "model": "block/stripped_spruce_log_2" },
  { "model": "block/stripped_spruce_log_3" },
  { "model": "block/stripped_spruce_log_4" },
  { "model": "block/stripped_spruce_log_5" },
  { "model": "block/stripped_spruce_log_6" },
  { "model": "block/stripped_spruce_log_7" },
  { "model": "block/stripped_spruce_log_8" }
  ],
      "axis=x": [    
  { "model": "block/stripped_spruce_log" },
  { "model": "block/stripped_spruce_log_2" },
  { "model": "block/stripped_spruce_log_3" },
  { "model": "block/stripped_spruce_log_4" },
  { "model": "block/stripped_spruce_log_5" },
  { "model": "block/stripped_spruce_log_6" },
  { "model": "block/stripped_spruce_log_7" },
  { "model": "block/stripped_spruce_log_8" }
  ]
  }
}